[
  {
    "id": "54562414-4d8d-473c-bfce-262f61d3d9c8",
    "data": [
      {
        "text": "talk to doctor digital",
        "userDefined": false
      }
    ],
    "isTemplate": false,
    "count": 0
  },
  {
    "id": "0827cf38-187e-4c86-8e3f-38071b49ecd4",
    "data": [
      {
        "text": "talk to digital health",
        "userDefined": false
      }
    ],
    "isTemplate": false,
    "count": 0
  },
  {
    "id": "233c2197-1547-4ae2-903c-8cb8fe1c67c7",
    "data": [
      {
        "text": "Connect me to digital health",
        "userDefined": false
      }
    ],
    "isTemplate": false,
    "count": 0
  },
  {
    "id": "2856f33d-843e-4ccb-b993-697324f33c8a",
    "data": [
      {
        "text": "Connect me to doctor digital",
        "userDefined": false
      }
    ],
    "isTemplate": false,
    "count": 0
  }
]