[
  {
    "id": "72b821e4-9802-46c1-bf92-752184dadfb5",
    "data": [
      {
        "text": "what ",
        "userDefined": false
      },
      {
        "text": "wait",
        "alias": "wait",
        "meta": "@wait",
        "userDefined": false
      },
      {
        "text": " ",
        "userDefined": false
      },
      {
        "text": "times",
        "alias": "time",
        "meta": "@time",
        "userDefined": true
      },
      {
        "text": " like that",
        "userDefined": false
      }
    ],
    "isTemplate": false,
    "count": 0,
    "updated": 0
  },
  {
    "id": "021465ed-b001-4f5a-b260-23ee58557003",
    "data": [
      {
        "text": "what are the ",
        "userDefined": false
      },
      {
        "text": "wait",
        "alias": "wait",
        "meta": "@wait",
        "userDefined": false
      },
      {
        "text": " ",
        "userDefined": false
      },
      {
        "text": "times",
        "alias": "time",
        "meta": "@time",
        "userDefined": true
      },
      {
        "text": " there",
        "userDefined": false
      }
    ],
    "isTemplate": false,
    "count": 0,
    "updated": 0
  },
  {
    "id": "fd325b9c-aef0-45a9-a0ed-abb8fdd0af15",
    "data": [
      {
        "text": "get",
        "alias": "get-list",
        "meta": "@get-list",
        "userDefined": false
      },
      {
        "text": " me the ",
        "userDefined": false
      },
      {
        "text": "waiting",
        "alias": "wait",
        "meta": "@wait",
        "userDefined": false
      },
      {
        "text": " ",
        "userDefined": false
      },
      {
        "text": "time",
        "alias": "time",
        "meta": "@time",
        "userDefined": false
      }
    ],
    "isTemplate": false,
    "count": 0
  },
  {
    "id": "b34cbe29-4db5-4f1a-96c5-975ad6259721",
    "data": [
      {
        "text": "what is the ",
        "userDefined": false
      },
      {
        "text": "waiting",
        "alias": "wait",
        "meta": "@wait",
        "userDefined": false
      },
      {
        "text": " ",
        "userDefined": false
      },
      {
        "text": "time",
        "alias": "time",
        "meta": "@time",
        "userDefined": false
      }
    ],
    "isTemplate": false,
    "count": 0
  },
  {
    "id": "60c59767-c49f-4b39-b6df-3950cd7b2adf",
    "data": [
      {
        "text": "whats the current ",
        "userDefined": false
      },
      {
        "text": "wait",
        "alias": "wait",
        "meta": "@wait",
        "userDefined": true
      },
      {
        "text": " ",
        "userDefined": false
      },
      {
        "text": "time",
        "alias": "time",
        "meta": "@time",
        "userDefined": true
      }
    ],
    "isTemplate": false,
    "count": 0,
    "updated": 1510115238
  }
]